bamboribu1907,Jalgaon-dharangaon-GP-bamboribu
jambhore1907,Jalgaon-dharangaon-GP-jambhore
ladali1907,Jalgaon-dharangaon-GP-ladali
paldhikh1907,Jalgaon-dharangaon-GP-paldhikh
waradbu1907,Jalgaon-dharangaon-GP-waradbu
pimplesim1907,Jalgaon-dharangaon-GP-pimplesim
waradkh1907,Jalgaon-dharangaon-GP-waradkh
anjanvihire1907,Jalgaon-dharangaon-GP-anjanvihire
vaghtuki1907,Jalgaon-dharangaon-GP-vaghtuki
khamkheda1907,Jalgaon-dharangaon-GP-khamkheda
garkhede1907,Jalgaon-dharangaon-GP-garkhede
gangapuri1907,Jalgaon-dharangaon-GP-gangapuri
borgaonkh1907,Jalgaon-dharangaon-GP-borgaonkh
borgaonbu1907,Jalgaon-dharangaon-GP-borgaonbu
dongaonbu1907,Jalgaon-dharangaon-GP-dongaonbu
dongaonkh1907,Jalgaon-dharangaon-GP-dongaonkh
chamangaon1907,Jalgaon-dharangaon-GP-chamangaon
ahirebu1907,Jalgaon-dharangaon-GP-ahirebu
pashtanekh1907,Jalgaon-dharangaon-GP-pashtanekh
pashtanebu1907,Jalgaon-dharangaon-GP-pashtanebu
sheri1907,Jalgaon-dharangaon-GP-sheri
dhar1907,Jalgaon-dharangaon-GP-dhar
chandsar1907,Jalgaon-dharangaon-GP-chandsar
vanjaribu1907,Jalgaon-dharangaon-GP-vanjaribu
borkheda1907,Jalgaon-dharangaon-GP-borkheda
hingonebu1907,Jalgaon-dharangaon-GP-hingonebu
sonwadkh1907,Jalgaon-dharangaon-GP-sonwadkh
tarade1907,Jalgaon-dharangaon-GP-tarade
nimkheda1907,Jalgaon-dharangaon-GP-nimkheda
jhurkheda1907,Jalgaon-dharangaon-GP-jhurkheda
nimbhora1907,Jalgaon-dharangaon-GP-nimbhora
kalyanekh1907,Jalgaon-dharangaon-GP-kalyanekh
bhodbu1907,Jalgaon-dharangaon-GP-bhodbu
waghlud1907,Jalgaon-dharangaon-GP-waghlud
chawalkheda1907,Jalgaon-dharangaon-GP-chawalkheda
waghludkhu1907,Jalgaon-dharangaon-GP-waghludkhu
hanumantkhedekh1907,Jalgaon-dharangaon-GP-hanumantkhedekh
pimplebu1907,Jalgaon-dharangaon-GP-pimplebu
sakare1907,Jalgaon-dharangaon-GP-sakare
musalikh1907,Jalgaon-dharangaon-GP-musalikh
bhawarkhede1907,Jalgaon-dharangaon-GP-bhawarkhede
bambhoripracha1907,Jalgaon-dharangaon-GP-bambhoripracha
avhani1907,Jalgaon-dharangaon-GP-avhani
sonvadbu1907,Jalgaon-dharangaon-GP-sonvadbu
pimprikh1907,Jalgaon-dharangaon-GP-pimprikh
rotvad1907,Jalgaon-dharangaon-GP-rotvad
nisahnebu1907,Jalgaon-dharangaon-GP-nisahnebu
salve1907,Jalgaon-dharangaon-GP-salve
bhonebu1907,Jalgaon-dharangaon-GP-bhonebu
kerdaribu1907,Jalgaon-dharangaon-GP-kerdaribu
vilkhede1907,Jalgaon-dharangaon-GP-vilkhede
ukhalwadi1907,Jalgaon-dharangaon-GP-ukhalwadi
bhawardi1907,Jalgaon-dharangaon-GP-bhawardi
babulgaon1907,Jalgaon-dharangaon-GP-babulgaon
dhanora1907,Jalgaon-dharangaon-GP-dhanora
anora1907,Jalgaon-dharangaon-GP-anora
pathradkh1907,Jalgaon-dharangaon-GP-pathradkh
pathradbu1907,Jalgaon-dharangaon-GP-pathradbu
eklagna1907,Jalgaon-dharangaon-GP-eklagna
hingonekh1907,Jalgaon-dharangaon-GP-hingonekh
kavthal1907,Jalgaon-dharangaon-GP-kavthal
chorgaon1907,Jalgaon-dharangaon-GP-chorgaon
paldhibu1907,Jalgaon-dharangaon-GP-paldhibu
bhodkh1907,Jalgaon-dharangaon-GP-bhodkh
kalyanehol1907,Jalgaon-dharangaon-GP-kalyanehol
tahakali1907,Jalgaon-dharangaon-GP-tahakali
fulpat1907,Jalgaon-dharangaon-GP-fulpat
nanded1907,Jalgaon-dharangaon-GP-nanded
satkheda1907,Jalgaon-dharangaon-GP-satkheda
chichpure.bu1907,Jalgaon-dharangaon-GP-chichpure bu
kharde1907,Jalgaon-dharangaon-GP-kharde
narne1907,Jalgaon-dharangaon-GP-narne
rel1907,Jalgaon-dharangaon-GP-rel
nimgaon1909,Jalgaon-Jalgaon-GP-nimgaon
jalgaon1909,Jalgaon-Jalgaon-GP-jalgaon
ramdevwadi1909,Jalgaon-Jalgaon-GP-ramdevwadi
jalke1909,Jalgaon-Jalgaon-GP-jalke
dapore1909,Jalgaon-Jalgaon-GP-dapore
bhokar1909,Jalgaon-Jalgaon-GP-bhokar
shirsolipbo1909,Jalgaon-Jalgaon-GP-shirsolipbo
nashirabad1909,Jalgaon-Jalgaon-GP-nashirabad
sawakhedakh1909,Jalgaon-Jalgaon-GP-sawakhedakh
kinod1909,Jalgaon-Jalgaon-GP-kinod
aawar1909,Jalgaon-Jalgaon-GP-aawar
turkheda1909,Jalgaon-Jalgaon-GP-turkheda
vidgaon1909,Jalgaon-Jalgaon-GP-vidgaon
gadhode1909,Jalgaon-Jalgaon-GP-gadhode
karanj1909,Jalgaon-Jalgaon-GP-karanj
shirsolipn1909,Jalgaon-Jalgaon-GP-shirsolipn
beli1909,Jalgaon-Jalgaon-GP-beli
phupani1909,Jalgaon-Jalgaon-GP-phupani
varadb1909,Jalgaon-Jalgaon-GP-varadb
lamanjan1909,Jalgaon-Jalgaon-GP-lamanjan
kadgaon1909,Jalgaon-Jalgaon-GP-kadgaon
mohadi1909,Jalgaon-Jalgaon-GP-mohadi
dhanore1909,Jalgaon-Jalgaon-GP-dhanore
umale1909,Jalgaon-Jalgaon-GP-umale
kusumbe1909,Jalgaon-Jalgaon-GP-kusumbe
dhanwad1909,Jalgaon-Jalgaon-GP-dhanwad
aamode1909,Jalgaon-Jalgaon-GP-aamode
wavadde1909,Jalgaon-Jalgaon-GP-wavadde
wadali1909,Jalgaon-Jalgaon-GP-wadali
javakheda1909,Jalgaon-Jalgaon-GP-javakheda
wasantwadi1909,Jalgaon-Jalgaon-GP-wasantwadi
kandari1909,Jalgaon-Jalgaon-GP-kandari
raypur1909,Jalgaon-Jalgaon-GP-raypur
bhadali1909,Jalgaon-Jalgaon-GP-bhadali
witner1909,Jalgaon-Jalgaon-GP-witner
aasoda1909,Jalgaon-Jalgaon-GP-aasoda
wadnagari1909,Jalgaon-Jalgaon-GP-wadnagari
phupnagari1909,Jalgaon-Jalgaon-GP-phupnagari
khedi.kh1909,Jalgaon-Jalgaon-GP-khedi kh
mamurabad1909,Jalgaon-Jalgaon-GP-mamurabad
lonwadi1909,Jalgaon-Jalgaon-GP-lonwadi
subhashwadi1909,Jalgaon-Jalgaon-GP-subhashwadi
pathari1909,Jalgaon-Jalgaon-GP-pathari
sujade31909,Jalgaon-Jalgaon-GP-sujade3
mhasawad1909,Jalgaon-Jalgaon-GP-mhasawad
deulwade1909,Jalgaon-Jalgaon-GP-deulwade
kathora1909,Jalgaon-Jalgaon-GP-kathora
bhadalikh1909,Jalgaon-Jalgaon-GP-bhadalikh
domgaon1909,Jalgaon-Jalgaon-GP-domgaon
bilwadi1909,Jalgaon-Jalgaon-GP-bilwadi
chincholi1909,Jalgaon-Jalgaon-GP-chincholi
shelgaon1909,Jalgaon-Jalgaon-GP-shelgaon
bholane1909,Jalgaon-Jalgaon-GP-bholane
diksai1909,Jalgaon-Jalgaon-GP-diksai
ridhur1909,Jalgaon-Jalgaon-GP-ridhur
bornar1909,Jalgaon-Jalgaon-GP-bornar
aawhane1909,Jalgaon-Jalgaon-GP-aawhane
dhamgaon1909,Jalgaon-Jalgaon-GP-dhamgaon
jalgaonkh1909,Jalgaon-Jalgaon-GP-jalgaonkh
manyarkheda1909,Jalgaon-Jalgaon-GP-manyarkheda
tarsod1909,Jalgaon-Jalgaon-GP-tarsod
nandrakh1909,Jalgaon-Jalgaon-GP-nandrakh
nandrabu1909,Jalgaon-Jalgaon-GP-nandrabu
kuwarkhede1909,Jalgaon-Jalgaon-GP-kuwarkhede
palsod1909,Jalgaon-Jalgaon-GP-palsod
sawkhedabu1909,Jalgaon-Jalgaon-GP-sawkhedabu
pilkhede1909,Jalgaon-Jalgaon-GP-pilkhede
nandgaon1909,Jalgaon-Jalgaon-GP-nandgaon
kanalda1909,Jalgaon-Jalgaon-GP-kanalda
jamod1909,Jalgaon-Jalgaon-GP-jamod
jalandribu1910,Jalgaon-Jamner-GP-jalandribu
madani1910,Jalgaon-Jamner-GP-madani
kasali1910,Jalgaon-Jamner-GP-kasali
karmad1910,Jalgaon-Jamner-GP-karmad
nimkhedipimpri1910,Jalgaon-Jamner-GP-nimkhedipimpri
tondapur1910,Jalgaon-Jamner-GP-tondapur
khumbharibu1910,Jalgaon-Jamner-GP-khumbharibu
dhalgaon1910,Jalgaon-Jamner-GP-dhalgaon
pimpalgaongo1910,Jalgaon-Jamner-GP-pimpalgaongo
neridigar1910,Jalgaon-Jamner-GP-neridigar
sonale1910,Jalgaon-Jamner-GP-sonale
tornale1910,Jalgaon-Jamner-GP-tornale
pathad1910,Jalgaon-Jamner-GP-pathad
deulgaon1910,Jalgaon-Jamner-GP-deulgaon
talegaon1910,Jalgaon-Jamner-GP-talegaon
takarkheda1910,Jalgaon-Jamner-GP-takarkheda
samrod1910,Jalgaon-Jamner-GP-samrod
shendurni1910,Jalgaon-Jamner-GP-shendurni
eklutibu1910,Jalgaon-Jamner-GP-eklutibu
nachankhede1910,Jalgaon-Jamner-GP-nachankhede
sheri1910,Jalgaon-Jamner-GP-sheri
nandraple1910,Jalgaon-Jamner-GP-nandraple
devalasgaon1910,Jalgaon-Jamner-GP-devalasgaon
nagankh1910,Jalgaon-Jamner-GP-nagankh
lahsar1910,Jalgaon-Jamner-GP-lahsar
mundkhede1910,Jalgaon-Jamner-GP-mundkhede
mengaon1910,Jalgaon-Jamner-GP-mengaon
bilwadi1910,Jalgaon-Jamner-GP-bilwadi
kodoli1910,Jalgaon-Jamner-GP-kodoli
betawad1910,Jalgaon-Jamner-GP-betawad
nandra.haweli1910,Jalgaon-Jamner-GP-nandra haweli
mohadi1910,Jalgaon-Jamner-GP-mohadi
sawatkhede1910,Jalgaon-Jamner-GP-sawatkhede
godri1910,Jalgaon-Jamner-GP-godri
kinihi1910,Jalgaon-Jamner-GP-kinihi
maldabhadi1910,Jalgaon-Jamner-GP-maldabhadi
hiwarkhede.bu1910,Jalgaon-Jamner-GP-hiwarkhede bu
shelgaon1910,Jalgaon-Jamner-GP-shelgaon
ozar1910,Jalgaon-Jamner-GP-ozar bu
sunasgaonbu1910,Jalgaon-Jamner-GP-sunasgaonbu
rampur1910,Jalgaon-Jamner-GP-rampur
kalkhede1910,Jalgaon-Jamner-GP-kalkhede
palaskhedemi1910,Jalgaon-Jamner-GP-palaskhedemi
sawarle1910,Jalgaon-Jamner-GP-sawarle
chilgaon1910,Jalgaon-Jamner-GP-chilgaon
wakod1910,Jalgaon-Jamner-GP-wakod
loni1910,Jalgaon-Jamner-GP-loni
kasabpimpri1910,Jalgaon-Jamner-GP-kasabpimpri
neribu1910,Jalgaon-Jamner-GP-neribu
paladhi1910,Jalgaon-Jamner-GP-paladhi
jangipura1910,Jalgaon-Jamner-GP-jangipura
gondegaon1910,Jalgaon-Jamner-GP-gondegaon
wakibu1910,Jalgaon-Jamner-GP-wakibu
wakikh1910,Jalgaon-Jamner-GP-wakikh
devpimpri1910,Jalgaon-Jamner-GP-devpimpri
chinchkhede1910,Jalgaon-Jamner-GP-chinchkhede
shingait1910,Jalgaon-Jamner-GP-shingait
khadgaon1910,Jalgaon-Jamner-GP-khadgaon
garkhedekh1910,Jalgaon-Jamner-GP-garkhedekh
shengole1910,Jalgaon-Jamner-GP-shengole
shahapur1910,Jalgaon-Jamner-GP-shahapur
phattepur1910,Jalgaon-Jamner-GP-phattepur
malkhede1910,Jalgaon-Jamner-GP-malkhede
pahurpeth1910,Jalgaon-Jamner-GP-pahurpeth
gondkhede1910,Jalgaon-Jamner-GP-gondkhede
palaskhedebu1910,Jalgaon-Jamner-GP-palaskhedebu
chincholipimpri1910,Jalgaon-Jamner-GP-chincholipimpri
shewagepimpri1910,Jalgaon-Jamner-GP-shewagepimpri
garkhedebu1910,Jalgaon-Jamner-GP-garkhedebu
hingane1910,Jalgaon-Jamner-GP-hingane
mahukhede1910,Jalgaon-Jamner-GP-mahukhede
malpimpri1910,Jalgaon-Jamner-GP-malpimpri
rotwad1910,Jalgaon-Jamner-GP-rotwad
morgaon1910,Jalgaon-Jamner-GP-morgaon
gadegaon1910,Jalgaon-Jamner-GP-gadegaon
waghari1910,Jalgaon-Jamner-GP-waghari
moykhededigar1910,Jalgaon-Jamner-GP-moykhededigar
khumbhari.kh1910,Jalgaon-Jamner-GP-khumbhari kh
bharudkhede1910,Jalgaon-Jamner-GP-bharudkhede
mandave1910,Jalgaon-Jamner-GP-mandave
mornale1910,Jalgaon-Jamner-GP-mornale
kapuswadi1910,Jalgaon-Jamner-GP-kapuswadi
dohari1910,Jalgaon-Jamner-GP-dohari
ranjani1910,Jalgaon-Jamner-GP-ranjani
bharadi1910,Jalgaon-Jamner-GP-bharadi
londri1910,Jalgaon-Jamner-GP-londri bu
hiwarkheda1910,Jalgaon-Jamner-GP-hiwarkheda
wakadi1910,Jalgaon-Jamner-GP-wakadi
aambalihol1910,Jalgaon-Jamner-GP-aambalihol
wadali1910,Jalgaon-Jamner-GP-wadali
chinchkhede1910,Jalgaon-Jamner-GP-chinchkhede
dondwadi1910,Jalgaon-Jamner-GP-dondwadi
sonari1910,Jalgaon-Jamner-GP-sonari
wadgaon1910,Jalgaon-Jamner-GP-wadgaon
pimpalgaonkamani1910,Jalgaon-Jamner-GP-pimpalgaonkamani
morad1910,Jalgaon-Jamner-GP-morad
neridigar1910,Jalgaon-Jamner-GP-neridigar
khadaki1910,Jalgaon-Jamner-GP-khadaki
navidhabhadi1910,Jalgaon-Jamner-GP-navidhabhadi
pimpalgaonbu1910,Jalgaon-Jamner-GP-pimpalgaonbu
kekatnimhore1910,Jalgaon-Jamner-GP-kekatnimhore
takalibu1910,Jalgaon-Jamner-GP-takalibu
takalikh1910,Jalgaon-Jamner-GP-takalikh
moygaon1910,Jalgaon-Jamner-GP-moygaon
bhagadara1910,Jalgaon-Jamner-GP-bhagadara
betawadkh1910,Jalgaon-Jamner-GP-betawadkh
pahurkasabe1910,Jalgaon-Jamner-GP-pahurkasabe
anturli1911,Jalgaon-Muktainagar-GP-anturli
bodwad1911,Jalgaon-Muktainagar-GP-bodwad
borkheda1911,Jalgaon-Muktainagar-GP-borkheda
chagdev1911,Jalgaon-Muktainagar-GP-chagdev
charthana1911,Jalgaon-Muktainagar-GP-charthana
chikhali1911,Jalgaon-Muktainagar-GP-chikhali
chichkhedabu1911,Jalgaon-Muktainagar-GP-chichkhedabu
chichkhedakhu1911,Jalgaon-Muktainagar-GP-chichkhedakhu
ghodsagaon1911,Jalgaon-Muktainagar-GP-ghodsagaon
hartale1911,Jalgaon-Muktainagar-GP-hartale
halkheda1911,Jalgaon-Muktainagar-GP-halkheda
jodhankheda1911,Jalgaon-Muktainagar-GP-jodhankheda
kakoda1911,Jalgaon-Muktainagar-GP-kakoda
karki1911,Jalgaon-Muktainagar-GP-karki
khamkheda1911,Jalgaon-Muktainagar-GP-khamkheda
kothali1911,Jalgaon-Muktainagar-GP-kothali
kurha1911,Jalgaon-Muktainagar-GP-kurha
loharkheda1911,Jalgaon-Muktainagar-GP-loharkheda
nimkhedi.k1911,Jalgaon-Muktainagar-GP-nimkhedi khu
manegaon1911,Jalgaon-Muktainagar-GP-manegaon
melsagave1911,Jalgaon-Muktainagar-GP-melsagave
mundholde1911,Jalgaon-Muktainagar-GP-mundholde
naygoan1911,Jalgaon-Muktainagar-GP-naygoan
narvel1911,Jalgaon-Muktainagar-GP-narvel
nimkhedi.bk1911,Jalgaon-Muktainagar-GP-nimkhedi bk
malegaon1911,Jalgaon-Muktainagar-GP-malegaon
pimpri.akaraut1911,Jalgaon-Muktainagar-GP-pimpri akaraut
pimpri.nandu1911,Jalgaon-Muktainagar-GP-pimpri nandu
purnad1911,Jalgaon-Muktainagar-GP-purnad
rajura1911,Jalgaon-Muktainagar-GP-rajura
ruikheda1911,Jalgaon-Muktainagar-GP-ruikheda
saroda1911,Jalgaon-Muktainagar-GP-saroda
satod1911,Jalgaon-Muktainagar-GP-satod
shemalda1911,Jalgaon-Muktainagar-GP-shemalda
sukali1911,Jalgaon-Muktainagar-GP-sukali
sule1911,Jalgaon-Muktainagar-GP-sule
takali1911,Jalgaon-Muktainagar-GP-takali
taroda1911,Jalgaon-Muktainagar-GP-taroda
uchanda1911,Jalgaon-Muktainagar-GP-uchanda
vadhave1911,Jalgaon-Muktainagar-GP-vadhave
vadhoda1911,Jalgaon-Muktainagar-GP-vadhoda
salbardi1911,Jalgaon-Muktainagar-GP-salbardi
belaswadi1911,Jalgaon-Muktainagar-GP-belaswadi
bhote1911,Jalgaon-Muktainagar-GP-bhote
chinchol1911,Jalgaon-Muktainagar-GP-chinchol
dhamande1911,Jalgaon-Muktainagar-GP-dhamande
dhamangaon1911,Jalgaon-Muktainagar-GP-dhamangaon
hivara1911,Jalgaon-Muktainagar-GP-hivara
mahalkheda1911,Jalgaon-Muktainagar-GP-mahalkheda
parambi1911,Jalgaon-Muktainagar-GP-parambi
patondi1911,Jalgaon-Muktainagar-GP-patondi
pimprada1911,Jalgaon-Muktainagar-GP-pimprada
pimpri.pancham1911,Jalgaon-Muktainagar-GP-pimpri pancham
ichapur1911,Jalgaon-Muktainagar-GP-ichapur
muktainagar1911,Jalgaon-Muktainagar-GP-muktainagar
vayala1911,Jalgaon-Muktainagar-GP-vayala
dui1911,Jalgaon-Muktainagar-GP-dui
kolhala1911,Jalgaon-Muktainagar-GP-kolhala
mehun1911,Jalgaon-Muktainagar-GP-mehun
nandvel1911,Jalgaon-Muktainagar-GP-nandvel
panchane1911,Jalgaon-Muktainagar-GP-panchane
thorala1911,Jalgaon-Muktainagar-GP-thorala
kedegaonnadi1912,Jalgaon-Pachora-GP-kedegaonnadi
pungaon1912,Jalgaon-Pachora-GP-pungaon
wadgaonbhu1912,Jalgaon-Pachora-GP-wadgaonbhu
lohtar1912,Jalgaon-Pachora-GP-lohtar
nachankedha1912,Jalgaon-Pachora-GP-nachankedha
dabuni1912,Jalgaon-Pachora-GP-dabuni
veralikhu1912,Jalgaon-Pachora-GP-veralikhu
mondhala1912,Jalgaon-Pachora-GP-mondhala
khajora1912,Jalgaon-Pachora-GP-khajora
bambrudbhu1912,Jalgaon-Pachora-GP-bambrudbhu
bambrudraniche1912,Jalgaon-Pachora-GP-bambrudraniche
pimpribhuprabhakajgaon1912,Jalgaon-Pachora-GP-pimpribhuprabhakajgaon
satgaondongri1912,Jalgaon-Pachora-GP-satgaondongri
wadgaonkade1912,Jalgaon-Pachora-GP-wadgaonkade
sewade1912,Jalgaon-Pachora-GP-sewade
loharibhu1912,Jalgaon-Pachora-GP-loharibhu
wanegoan1912,Jalgaon-Pachora-GP-wanegoan 
kurhadkhu1912,Jalgaon-Pachora-GP-kurhadkhu
varsadeprabha1912,Jalgaon-Pachora-GP-varsadeprabha
verulikhu1912,Jalgaon-Pachora-GP-verulikhu
wadi1912,Jalgaon-Pachora-GP-wadi
rajuribhu1912,Jalgaon-Pachora-GP-rajuribhu
bhartekku1912,Jalgaon-Pachora-GP-bhartekku
tarkedhabhu1912,Jalgaon-Pachora-GP-tarkedhabhu
vishnunagar1912,Jalgaon-Pachora-GP-vishnunagar
savyebupralo1912,Jalgaon-Pachora-GP-savyebupralo
tarkedhabhu1912,Jalgaon-Pachora-GP-tarkedhabhu
doklkedha1912,Jalgaon-Pachora-GP-doklkedha
kuradbhud1912,Jalgaon-Pachora-GP-kuradbhud
nipane1912,Jalgaon-Pachora-GP-nipane
galankhu1912,Jalgaon-Pachora-GP-galankhu
dongargaon1912,Jalgaon-Pachora-GP-dongargaon
pardhade1912,Jalgaon-Pachora-GP-pardhade
gusardi1912,Jalgaon-Pachora-GP-gusardi
galanbhu1912,Jalgaon-Pachora-GP-galanbhu
kasamsara1912,Jalgaon-Pachora-GP-kasamsara 
sahapura1912,Jalgaon-Pachora-GP-sahapura
wadgaonambe1912,Jalgaon-Pachora-GP-wadgaonambe
bhatkandabhu1912,Jalgaon-Pachora-GP-bhatkandabhu
bokari1912,Jalgaon-Pachora-GP-bokari
dahigaon1912,Jalgaon-Pachora-GP-dahigaon
kolhe1912,Jalgaon-Pachora-GP-kolhe
kurangi1912,Jalgaon-Pachora-GP-kurangi
pimprikhu1912,Jalgaon-Pachora-GP-pimprikhu
aozar1912,Jalgaon-Pachora-GP-aozar
samner1912,Jalgaon-Pachora-GP-samner
nibhoribhu1912,Jalgaon-Pachora-GP-nibhoribhu
wadharke1912,Jalgaon-Pachora-GP-wadharke
shindad1912,Jalgaon-Pachora-GP-shindad
lasgaon1912,Jalgaon-Pachora-GP-lasgaon
dighi1912,Jalgaon-Pachora-GP-dighi
boje1912,Jalgaon-Pachora-GP-boje
tusakedha1912,Jalgaon-Pachora-GP-tusakedha
aakatwade1912,Jalgaon-Pachora-GP-aakatwade
lasure1912,Jalgaon-Pachora-GP-lasure
sawakedhakhu1912,Jalgaon-Pachora-GP-sawakedhakhu
sawakedhabhu1912,Jalgaon-Pachora-GP-sawakedhabhu
savyebuprabha1912,Jalgaon-Pachora-GP-savyebuprabha
aatalgawhan1912,Jalgaon-Pachora-GP-aatalgawhan
warakedha1912,Jalgaon-Pachora-GP-warakedha
neri1912,Jalgaon-Pachora-GP-neri
hhol1912,Jalgaon-Pachora-GP-hhol
wadgaonkhuprapa1912,Jalgaon-Pachora-GP-wadgaonkhuprapa
aatulikupra1912,Jalgaon-Pachora-GP-aatulikupra
wadgaonmulave1912,Jalgaon-Pachora-GP-wadgaonmulave
chinchpure1912,Jalgaon-Pachora-GP-chinchpure
pimpalgaonhare1912,Jalgaon-Pachora-GP-pimpalgaonhare
anturlibhupralo1912,Jalgaon-Pachora-GP-anturlibhupralo
lohara1912,Jalgaon-Pachora-GP-lohara
nandra1912,Jalgaon-Pachora-GP-nandra
pahan1912,Jalgaon-Pachora-GP-pahan
jargaon1912,Jalgaon-Pachora-GP-jargaon
wadgaonbkprabha1912,Jalgaon-Pachora-GP-wadgaonbkprabha
anturli1912,Jalgaon-Pachora-GP-anturli bkprapa
bildiku1912,Jalgaon-Pachora-GP-bildiku
kadakdevlabhu1912,Jalgaon-Pachora-GP-kadakdevlabhu
chinchkheda1912,Jalgaon-Pachora-GP-chinchkheda
tarakheda1912,Jalgaon-Pachora-GP-tarakheda ku
mohadi1912,Jalgaon-Pachora-GP-mohadi
wagulkheda1912,Jalgaon-Pachora-GP-wagulkheda
goradkhedakhu1912,Jalgaon-Pachora-GP-goradkhedakhu
kasampura1912,Jalgaon-Pachora-GP-kasampura
hanumanwadi1912,Jalgaon-Pachora-GP-hanumanwadi
naiknagar1912,Jalgaon-Pachora-GP-naiknagar
pimpalgaonkuprabha1912,Jalgaon-Pachora-GP-pimpalgaonkuprabha
sajgaon1912,Jalgaon-Pachora-GP-sajgaon
sarolaku1912,Jalgaon-Pachora-GP-sarolaku
sarolabu1912,Jalgaon-Pachora-GP-sarolabu
pimpribkprabha1912,Jalgaon-Pachora-GP-pimpribkprabha
goradkhedabk1912,Jalgaon-Pachora-GP-goradkhedabk
nagardevala1912,Jalgaon-Pachora-GP-nagardevala
mahegi1912,Jalgaon-Pachora-GP-mahegi
warsadeprabho1912,Jalgaon-Pachora-GP-warsadeprabho
bhardabk1912,Jalgaon-Pachora-GP-bhardabk
asankheda1912,Jalgaon-Pachora-GP-asankheda
rameswar1912,Jalgaon-Pachora-GP-rameswar
mhasas1912,Jalgaon-Pachora-GP-mhasas
sangavibkpralo1912,Jalgaon-Pachora-GP-sangavibkpralo
wardgaonbkprapa1912,Jalgaon-Pachora-GP-wardgaonbkprapa
kadakdevla.b1912,Jalgaon-Pachora-GP-kadakdevla  bu
atwade1914,Jalgaon-Raver-GP-atwade
Ajnad1914,Jalgaon-Raver-GP-Ajnad
ahirwadi1914,Jalgaon-Raver-GP-ahirwadi
ajande1914,Jalgaon-Raver-GP-ajande
abhodabu1914,Jalgaon-Raver-GP-abhodabu
aandalwadi1914,Jalgaon-Raver-GP-aandalwadi
udalibu1914,Jalgaon-Raver-GP-udalibu
udalikh1914,Jalgaon-Raver-GP-udalikh
utkheda1914,Jalgaon-Raver-GP-utkheda
eainpur1914,Jalgaon-Raver-GP-eainpur
Karjod1914,Jalgaon-Raver-GP-Karjod
kalmoda1914,Jalgaon-Raver-GP-kalmoda
kandwel1914,Jalgaon-Raver-GP-kandwel
kusumbebu1914,Jalgaon-Raver-GP-kusumbebu
kusumbekh1914,Jalgaon-Raver-GP-kusumbekh
kumbharkheda1914,Jalgaon-Raver-GP-kumbharkheda
kerhalebu1914,Jalgaon-Raver-GP-kerhalebu
kerhalekh1914,Jalgaon-Raver-GP-kerhalekh
kochurbu1914,Jalgaon-Raver-GP-kochurbu
kochurkh1914,Jalgaon-Raver-GP-kochurkh
kolada1914,Jalgaon-Raver-GP-kolada
khanapur1914,Jalgaon-Raver-GP-khanapur
khirdibu1914,Jalgaon-Raver-GP-khirdibu 
khirdikh1914,Jalgaon-Raver-GP-khirdikh
khirwad1914,Jalgaon-Raver-GP-khirwad
khirodapra1914,Jalgaon-Raver-GP-khirodapra
khirodapya1914,Jalgaon-Raver-GP-khirodapya
gahikheda1914,Jalgaon-Raver-GP-gahikheda
Gate1914,Jalgaon-Raver-GP-Gate
gaurkheda1914,Jalgaon-Raver-GP-gaurkheda
chinaval1914,Jalgaon-Raver-GP-chinaval
Janori1914,Jalgaon-Raver-GP-Janori
Jinci1914,Jalgaon-Raver-GP-Jinci
tamaswadi1914,Jalgaon-Raver-GP-tamaswadi
tandalwadi1914,Jalgaon-Raver-GP-tandalwadi
taskheda1914,Jalgaon-Raver-GP-taskheda
therole1914,Jalgaon-Raver-GP-therole
thorgavhan1914,Jalgaon-Raver-GP-thorgavhan
dasnur1914,Jalgaon-Raver-GP-dasnur
Dodhe1914,Jalgaon-Raver-GP-Dodhe
dhamodi1914,Jalgaon-Raver-GP-dhamodi
dhurkheda1914,Jalgaon-Raver-GP-dhurkheda
nimadya1914,Jalgaon-Raver-GP-nimadya
Nirul1914,Jalgaon-Raver-GP-Nirul
nimbol1914,Jalgaon-Raver-GP-nimbol
nimbhorasim1914,Jalgaon-Raver-GP-nimbhorasim
nimborabu1914,Jalgaon-Raver-GP-nimborabu
nehate1914,Jalgaon-Raver-GP-nehate
nandurkheda1914,Jalgaon-Raver-GP-nandurkheda
padalebu1914,Jalgaon-Raver-GP-padalebu
padalekh1914,Jalgaon-Raver-GP-padalekh
Pal1914,Jalgaon-Raver-GP-Pal
Patondi1914,Jalgaon-Raver-GP-Patondi
Puri1914,Jalgaon-Raver-GP-Puri
punaskheda1914,Jalgaon-Raver-GP-punaskheda
Pimpri1914,Jalgaon-Raver-GP-Pimpri
bakshipur1914,Jalgaon-Raver-GP-bakshipur
Balwadi1914,Jalgaon-Raver-GP-Balwadi
bhatkhede1914,Jalgaon-Raver-GP-bhatkhede
Bhokari1914,Jalgaon-Raver-GP-Bhokari
Bhor1914,Jalgaon-Raver-GP-Bhor
maskawadbu1914,Jalgaon-Raver-GP-maskawadbu
maskawadsim1914,Jalgaon-Raver-GP-maskawadsim
maskawadkh1914,Jalgaon-Raver-GP-maskawadkh
Mangi1914,Jalgaon-Raver-GP-Mangi
mohmandali1914,Jalgaon-Raver-GP-mohmandali
magalwadi1914,Jalgaon-Raver-GP-magalwadi
morgaonbu1914,Jalgaon-Raver-GP-morgaonbu
morgaonkh1914,Jalgaon-Raver-GP-morgaonkh
munjalwadi1914,Jalgaon-Raver-GP-munjalwadi
ramjipur1914,Jalgaon-Raver-GP-ramjipur
rasalpur1914,Jalgaon-Raver-GP-rasalpur
rangaon1914,Jalgaon-Raver-GP-rangaon
Raypur1914,Jalgaon-Raver-GP-Raypur
rebhota1914,Jalgaon-Raver-GP-rebhota
Rozoda1914,Jalgaon-Raver-GP-Rozoda
Lohara1914,Jalgaon-Raver-GP-Lohara
wadgaon1914,Jalgaon-Raver-GP-wadgaon
Waghod1914,Jalgaon-Raver-GP-Waghod
waghadi1914,Jalgaon-Raver-GP-waghadi
waghodabu1914,Jalgaon-Raver-GP-waghodabu
waghodakh1914,Jalgaon-Raver-GP-waghodakh
wivarebu1914,Jalgaon-Raver-GP-wivarebu
wivarekh1914,Jalgaon-Raver-GP-wivarekh
witwa1914,Jalgaon-Raver-GP-witwa
shingadi1914,Jalgaon-Raver-GP-shingadi
sakhedbu1914,Jalgaon-Raver-GP-sakhedbu
sawkhedakh1914,Jalgaon-Raver-GP-sawkhedakh
sunoda1914,Jalgaon-Raver-GP-sunoda
singat1914,Jalgaon-Raver-GP-singat
sahsraling1914,Jalgaon-Raver-GP-sahsraling 
sudgaon1914,Jalgaon-Raver-GP-sudgaon
shindkheda1914,Jalgaon-Raver-GP-shindkheda
sulwadi1914,Jalgaon-Raver-GP-sulwadi
